dataset,ratio,solver,weeks,max_rel_objective_gap,max_abs_weight_diff
HDAX,calmar,HiGHS LP,5,6.0e-07,1.8e-06
HDAX,martin,SLSQP,5,2.0e-06,9.5e-05
HDAX,pain,HiGHS LP,5,6.5e-05,1.2e-04
FTSE,calmar,HiGHS LP,5,6.5e-08,1.1e-06
FTSE,martin,SLSQP,5,5.7e-06,7.9e-04
FTSE,pain,HiGHS LP,5,4.6e-05,2.5e-04
HSCI,calmar,HiGHS LP,5,2.5e-07,5.6e-07
HSCI,martin,SLSQP,5,1.4e-06,1.5e-04
HSCI,pain,HiGHS LP,5,1.8e-05,1.1e-03
SP500U,calmar,HiGHS LP,5,4.4e-07,1.6e-06
SP500U,martin,SLSQP,5,1.4e-06,2.2e-04
SP500U,pain,HiGHS LP,5,4.0e-05,2.9e-04
DJIA,calmar,HiGHS LP,5,7.0e-07,2.8e-06
DJIA,martin,SLSQP,5,3.0e-05,3.1e-03
DJIA,pain,HiGHS LP,5,1.3e-04,2.0e-04
NASDAQ100,calmar,HiGHS LP,5,1.6e-07,2.5e-07
NASDAQ100,martin,SLSQP,5,6.4e-07,1.9e-04
NASDAQ100,pain,HiGHS LP,5,9.9e-06,2.1e-05
FTSE100,calmar,HiGHS LP,5,3.9e-08,4.2e-08
FTSE100,martin,SLSQP,5,1.8e-05,2.9e-03
FTSE100,pain,HiGHS LP,5,2.9e-05,5.9e-04
SP500,calmar,HiGHS LP,5,7.2e-07,2.2e-05
SP500,martin,SLSQP,5,2.8e-05,3.2e-03
SP500,pain,HiGHS LP,5,1.1e-05,1.7e-05
